"","week","weekly_rank","show_title","weekly_hours_viewed","runtime","weekly_views","cumulative_weeks_in_top_10","is_staggered_launch","awards","genre_Dramas","genre_Comedies","genre_International","english"
"1","2024-03-24",3,"Shooter",11700000,2.0833,5600000,5,"false",FALSE,FALSE,FALSE,FALSE,TRUE
"2","2024-03-24",6,"Hellboy",7500000,2.0167,3700000,1,"false",FALSE,FALSE,FALSE,FALSE,TRUE
"3","2024-03-17",3,"Alone",5900000,1.6333,3600000,1,"false",FALSE,FALSE,FALSE,FALSE,TRUE
"4","2024-03-17",10,"Turbo",4300000,1.6,2700000,4,"false",FALSE,FALSE,TRUE,FALSE,TRUE
"5","2024-03-10",4,"Code 8",9400000,1.65,5700000,2,"false",FALSE,FALSE,FALSE,TRUE,TRUE
"6","2024-03-10",5,"Mea Culpa",10200000,2,5100000,3,"false",FALSE,FALSE,FALSE,FALSE,TRUE
"7","2024-03-10",9,"Dr. Seuss' The Grinch",4400000,1.4333,3100000,7,"false",FALSE,FALSE,TRUE,FALSE,TRUE
"8","2024-03-03",2,"Mea Culpa",36900000,2,18500000,2,"false",FALSE,FALSE,FALSE,FALSE,TRUE
"9","2024-03-03",4,"Code 8",12800000,1.65,7800000,1,"false",FALSE,FALSE,FALSE,TRUE,TRUE
"10","2024-02-25",1,"Mea Culpa",3.2e+07,2,1.6e+07,1,"false",FALSE,FALSE,FALSE,FALSE,TRUE
"11","2024-02-25",2,"Players",1.3e+07,1.75,7400000,2,"false",FALSE,FALSE,FALSE,TRUE,TRUE
"12","2024-02-25",4,"Kill Me If You Dare",5500000,1.5667,3500000,2,"false",FALSE,FALSE,TRUE,TRUE,FALSE
"13","2024-02-18",1,"Players",28500000,1.75,16300000,1,"false",FALSE,FALSE,FALSE,TRUE,TRUE
"14","2024-02-18",9,"American Assassin",6500000,1.8667,3500000,3,"false",FALSE,FALSE,FALSE,FALSE,TRUE
"15","2024-02-18",3,"Kill Me If You Dare",9100000,1.5667,5800000,1,"false",FALSE,FALSE,TRUE,TRUE,FALSE
"16","2024-02-11",7,"American Assassin",11400000,1.8667,6100000,2,"false",FALSE,FALSE,FALSE,FALSE,TRUE
"17","2024-02-04",8,"The Beast",1600000,1.6667,1e+06,1,"false",FALSE,FALSE,FALSE,TRUE,FALSE
"18","2024-01-14",9,"The Croods",6200000,1.6333,3800000,8,"false",FALSE,FALSE,TRUE,FALSE,TRUE
"19","2023-12-24",8,"Dr. Seuss' The Grinch",7900000,1.4333,5500000,6,"false",FALSE,FALSE,TRUE,FALSE,TRUE
"20","2023-12-24",9,"How the Grinch Stole Christmas",8900000,1.7333,5100000,4,"false",FALSE,FALSE,TRUE,FALSE,TRUE
"21","2023-12-17",9,"Dr. Seuss' The Grinch",5700000,1.4333,4e+06,5,"false",FALSE,FALSE,TRUE,FALSE,TRUE
"22","2023-12-03",7,"The Killer",7100000,2,3600000,4,"false",FALSE,FALSE,FALSE,TRUE,TRUE
"23","2023-12-03",8,"Dr. Seuss' The Grinch",4900000,1.4333,3400000,4,"false",FALSE,FALSE,TRUE,FALSE,TRUE
"24","2023-12-03",10,"The Christmas Chronicles",5300000,1.75,3e+06,7,"false",FALSE,FALSE,TRUE,FALSE,TRUE
"25","2023-11-26",3,"The Killer",17500000,2,8800000,3,"false",FALSE,FALSE,FALSE,TRUE,TRUE
"26","2023-11-26",6,"Triple Frontier",7500000,2.1,3600000,1,"false",FALSE,FALSE,FALSE,FALSE,TRUE
"27","2023-11-26",7,"The Christmas Chronicles",5900000,1.75,3400000,6,"false",FALSE,FALSE,TRUE,FALSE,TRUE
"28","2023-11-26",8,"Dr. Seuss' The Grinch",4100000,1.4333,2900000,3,"false",FALSE,FALSE,TRUE,FALSE,TRUE
"29","2023-11-19",1,"The Killer",44500000,2,22300000,2,"false",FALSE,FALSE,FALSE,TRUE,TRUE
"30","2023-11-12",1,"The Killer",55700000,2,27900000,1,"false",FALSE,FALSE,FALSE,TRUE,TRUE
"31","2023-10-22",5,"Long Shot",8800000,2.0833,4200000,1,"false",FALSE,FALSE,FALSE,FALSE,TRUE
"32","2023-10-22",9,"Spy Kids",5400000,1.4667,3700000,1,"false",FALSE,FALSE,TRUE,FALSE,TRUE
"33","2023-10-22",10,"Scary Movie",5400000,1.4667,3700000,1,"false",FALSE,FALSE,TRUE,FALSE,TRUE
"34","2023-09-24",9,"Mother's Day",5100000,1.9667,2600000,2,"false",FALSE,TRUE,TRUE,FALSE,TRUE
"35","2023-09-17",3,"Woody Woodpecker",5300000,1.5167,3500000,2,"false",FALSE,FALSE,TRUE,FALSE,TRUE
"36","2023-09-17",4,"Dr. Seuss' The Grinch",4900000,1.4333,3400000,2,"false",FALSE,FALSE,TRUE,FALSE,TRUE
"37","2023-09-17",6,"The Croods",5200000,1.6333,3200000,7,"false",FALSE,FALSE,TRUE,FALSE,TRUE
"38","2023-09-10",3,"The Croods",6800000,1.6333,4200000,6,"false",FALSE,FALSE,TRUE,FALSE,TRUE
"39","2023-09-10",4,"Dr. Seuss' The Grinch",5900000,1.4333,4100000,1,"false",FALSE,FALSE,TRUE,FALSE,TRUE
"40","2023-09-10",10,"Pinkfong & Baby Shark's Space Adventure",7e+05,1.0833,6e+05,3,"false",FALSE,FALSE,FALSE,FALSE,FALSE
"41","2023-08-27",6,"Xtreme",2400000,1.8667,1300000,5,"false",FALSE,FALSE,FALSE,TRUE,FALSE
"42","2023-08-20",10,"Xtreme",2e+06,1.8667,1100000,4,"false",FALSE,FALSE,FALSE,TRUE,FALSE
"43","2023-07-30",8,"Kingdom",3300000,2.2333,1500000,2,"false",FALSE,FALSE,FALSE,TRUE,FALSE
"44","2023-07-23",3,"Kingdom",6600000,2.2333,3e+06,1,"false",FALSE,FALSE,FALSE,TRUE,FALSE
"45","2023-07-16",10,"A Beautiful Life",1300000,1.6667,8e+05,7,"false",FALSE,TRUE,FALSE,TRUE,FALSE
"46","2023-07-09",10,"Woody Woodpecker",6300000,1.5167,4200000,1,"false",FALSE,FALSE,TRUE,FALSE,TRUE
"47","2023-07-09",7,"A Beautiful Life",1800000,1.6667,1100000,6,"false",FALSE,TRUE,FALSE,TRUE,FALSE
"48","2023-07-02",4,"Extraction",11800000,1.9667,6e+06,3,"false",FALSE,FALSE,FALSE,FALSE,TRUE
"49","2023-07-02",7,"A Beautiful Life",2600000,1.6667,1600000,5,"false",FALSE,TRUE,FALSE,TRUE,FALSE
"50","2023-06-25",2,"Extraction",27200000,1.9667,13800000,2,"false",FALSE,FALSE,FALSE,FALSE,TRUE
"51","2023-06-25",7,"A Beautiful Life",3200000,1.6667,1900000,4,"false",FALSE,TRUE,FALSE,TRUE,FALSE
"52","2023-06-18",2,"Extraction",18800000,1.9667,9600000,1,"false",FALSE,FALSE,FALSE,FALSE,TRUE
"53","2023-06-18",9,"Shooter",4700000,2.0833,2300000,4,"false",FALSE,FALSE,FALSE,FALSE,TRUE
"54","2023-06-18",4,"A Beautiful Life",6600000,1.6667,4e+06,3,"false",FALSE,TRUE,FALSE,TRUE,FALSE
"55","2023-06-18",10,"Mother's Day",1600000,1.5833,1e+06,4,"false",FALSE,TRUE,TRUE,FALSE,FALSE
"56","2023-06-11",2,"Shooter",12770000,2.0833,6129698.0751692,3,"false",FALSE,FALSE,FALSE,FALSE,TRUE
"57","2023-06-11",8,"The Company Men",5390000,1.5667,3440352.33292909,1,"false",FALSE,TRUE,FALSE,FALSE,TRUE
"58","2023-06-11",1,"A Beautiful Life",17420000,1.6667,10451790.9641807,2,"false",FALSE,TRUE,FALSE,TRUE,FALSE
"59","2023-06-11",10,"Mother's Day",1980000,1.8667,1060695.34472599,3,"false",FALSE,TRUE,TRUE,FALSE,FALSE
"60","2023-06-04",4,"2 Hearts",7720000,1.6333,4726627.07402192,2,"false",FALSE,TRUE,FALSE,FALSE,TRUE
"61","2023-06-04",5,"Shooter",7480000,1.8667,4007071.30229817,2,"false",FALSE,FALSE,FALSE,FALSE,TRUE
"62","2023-06-04",3,"A Beautiful Life",16710000,1.9667,8496466.16159048,1,"false",FALSE,TRUE,FALSE,TRUE,FALSE
"63","2023-06-04",5,"Mother's Day",8280000,1.6667,4967900.64198716,2,"false",FALSE,TRUE,TRUE,FALSE,FALSE
"64","2023-05-28",2,"2 Hearts",19280000,2.2333,8632964.6711145,1,"false",FALSE,TRUE,FALSE,FALSE,TRUE
"65","2023-05-28",4,"The Son",7940000,1.6333,4861323.70048368,1,"false",FALSE,TRUE,FALSE,TRUE,TRUE
"66","2023-05-28",1,"Mother's Day",24250000,1.9667,12330299.4864494,1,"false",FALSE,TRUE,TRUE,FALSE,FALSE
"67","2023-05-21",5,"Synchronic",6990000,1.8667,3744575.98971447,2,"false",FALSE,FALSE,FALSE,FALSE,TRUE
"68","2023-05-21",8,"The Croods",4280000,1.6667,2567948.64102718,5,"false",FALSE,FALSE,TRUE,FALSE,TRUE
"69","2023-05-21",10,"The Healer",3330000,2,1665000,1,"false",FALSE,TRUE,FALSE,FALSE,TRUE
"70","2023-05-14",3,"The Croods",8700000,2.1,4142857.14285714,4,"false",FALSE,FALSE,TRUE,FALSE,TRUE
"71","2023-05-14",5,"Synchronic",5930000,1.75,3388571.42857143,1,"false",FALSE,FALSE,FALSE,FALSE,TRUE
"72","2023-05-07",6,"The Croods",6560000,1.65,3975757.57575758,3,"false",FALSE,FALSE,TRUE,FALSE,TRUE
"73","2023-04-30",8,"Dr. Seuss' The Lorax",3830000,1.6667,2297954.04091918,3,"false",FALSE,FALSE,FALSE,FALSE,TRUE
"74","2023-04-30",9,"Time Trap",3700000,1.75,2114285.71428571,1,"false",FALSE,FALSE,FALSE,FALSE,TRUE
"75","2023-04-30",5,"One More Time",5700000,1.4333,3976836.67062025,2,"false",FALSE,FALSE,FALSE,TRUE,FALSE
"76","2023-04-23",10,"Dr. Seuss' The Lorax",4430000,1.65,2684848.48484848,2,"false",FALSE,FALSE,FALSE,FALSE,TRUE
"77","2023-04-23",6,"One More Time",3890000,2,1945000,1,"false",FALSE,FALSE,FALSE,TRUE,FALSE
"78","2023-04-16",7,"Home",8070000,1.5167,5320762.18105097,2,"false",FALSE,FALSE,TRUE,FALSE,TRUE
"79","2023-04-16",9,"Murder Mystery",6690000,2,3345000,4,"false",FALSE,FALSE,TRUE,FALSE,TRUE
"80","2023-04-16",10,"Dr. Seuss' The Lorax",5890000,2.1,2804761.9047619,1,"false",FALSE,FALSE,FALSE,FALSE,TRUE
"81","2023-04-09",3,"Murder Mystery",22250000,1.4333,15523616.8282983,3,"false",FALSE,FALSE,TRUE,FALSE,TRUE
"82","2023-04-09",5,"Home",10350000,1.8667,5544543.8474313,1,"false",FALSE,FALSE,TRUE,FALSE,TRUE
"83","2023-04-02",2,"Murder Mystery",24690000,1.65,14963636.3636364,2,"false",FALSE,FALSE,TRUE,FALSE,TRUE
"84","2023-03-26",6,"Murder Mystery",4490000,1.4333,3132630.9914184,1,"false",FALSE,FALSE,TRUE,FALSE,TRUE
"85","2023-03-26",9,"City of God",3050000,1.4333,2127956.46410382,1,"false",FALSE,TRUE,FALSE,TRUE,FALSE
"86","2023-03-19",8,"Turbo",5e+06,1.8667,2678523.5977929,3,"false",FALSE,FALSE,TRUE,FALSE,TRUE
"87","2023-03-12",5,"Turbo",7980000,1.6667,4787904.24191516,2,"false",FALSE,FALSE,TRUE,FALSE,TRUE
"88","2023-03-12",10,"Burlesque",5540000,2.2333,2480634.03931402,1,"false",FALSE,TRUE,FALSE,FALSE,TRUE
"89","2023-03-12",9,"Ibiza",1420000,1.4333,990720.714435219,1,"false",FALSE,FALSE,TRUE,FALSE,FALSE
"90","2023-02-26",10,"The Last Mercenary",1850000,2.0833,888014.208227332,6,"false",FALSE,FALSE,TRUE,TRUE,FALSE
"91","2023-02-12",10,"Sniper: Ghost Shooter",5390000,1.5667,3440352.33292909,2,"false",FALSE,FALSE,FALSE,FALSE,TRUE
"92","2023-02-05",4,"Sniper: Ghost Shooter",12490000,1.5667,7972170.80487649,1,"false",FALSE,FALSE,FALSE,FALSE,TRUE
"93","2023-02-05",6,"The Hurricane Heist",10120000,1.4667,6899843.18538215,1,"false",FALSE,FALSE,FALSE,FALSE,TRUE
"94","2023-01-29",4,"Puss in Boots",6010000,1.8667,3219585.36454706,2,"false",FALSE,FALSE,TRUE,FALSE,TRUE
"95","2023-01-22",7,"Puss in Boots",5860000,1.6667,3515929.68140637,1,"false",FALSE,FALSE,TRUE,FALSE,TRUE
"96","2023-01-15",10,"Daddy Day Care",4850000,1.4333,3383799.62324705,1,"false",FALSE,FALSE,TRUE,FALSE,TRUE
"97","2023-01-01",5,"The Invitation",12200000,1.65,7393939.3939394,1,"false",FALSE,FALSE,FALSE,FALSE,TRUE
"98","2023-01-01",9,"How the Grinch Stole Christmas",7190000,1.8667,3851716.93362619,3,"false",FALSE,FALSE,TRUE,FALSE,TRUE
"99","2022-12-25",4,"How the Grinch Stole Christmas",12680000,2,6340000,2,"false",FALSE,FALSE,TRUE,FALSE,TRUE
"100","2022-12-25",5,"A Bad Moms Christmas",10890000,1.4333,7597851.11281658,1,"false",FALSE,FALSE,TRUE,FALSE,TRUE
"101","2022-12-25",7,"The Christmas Chronicles",9840000,1.75,5622857.14285714,5,"false",FALSE,FALSE,TRUE,FALSE,TRUE
"102","2022-12-25",10,"The Christmas Chronicles: Part Two",7170000,2.0833,3441655.06648106,4,"false",FALSE,FALSE,TRUE,FALSE,TRUE
"103","2022-12-18",7,"How the Grinch Stole Christmas",7530000,1.4333,5253610.54908254,1,"false",FALSE,FALSE,TRUE,FALSE,TRUE
"104","2022-11-27",10,"Lost Bullet",2230000,2.0833,1070417.12667403,8,"false",FALSE,TRUE,FALSE,TRUE,FALSE
"105","2022-11-20",9,"Enola Holmes",7610000,1.75,4348571.42857143,3,"false",FALSE,TRUE,FALSE,FALSE,TRUE
"106","2022-11-20",3,"Lost Bullet",6870000,1.4667,4683984.45489875,7,"false",FALSE,TRUE,FALSE,TRUE,FALSE
"107","2022-11-13",3,"Enola Holmes",18650000,1.6333,11418600.3795996,2,"false",FALSE,TRUE,FALSE,FALSE,TRUE
"108","2022-11-13",7,"Lost Bullet",5570000,2,2785000,6,"false",FALSE,TRUE,FALSE,TRUE,FALSE
"109","2022-11-06",4,"War",16760000,1.9667,8521889.45950069,1,"false",FALSE,FALSE,FALSE,FALSE,TRUE
"110","2022-11-06",8,"Enola Holmes",9640000,2,4820000,1,"false",FALSE,TRUE,FALSE,FALSE,TRUE
"111","2022-11-06",7,"Lost Bullet",3930000,1.65,2381818.18181818,5,"false",FALSE,TRUE,FALSE,TRUE,FALSE
"112","2022-10-30",9,"Hubie Halloween",3960000,2,1980000,1,"false",FALSE,FALSE,TRUE,FALSE,TRUE
"113","2022-10-30",8,"Lost Bullet",3250000,1.5667,2074423.94842663,4,"false",FALSE,TRUE,FALSE,TRUE,FALSE
"114","2022-10-30",9,"Rurouni Kenshin: The Beginning",2290000,1.75,1308571.42857143,8,"false",FALSE,FALSE,FALSE,TRUE,FALSE
"115","2022-10-23",10,"Charlie's Angels",4920000,1.6333,3012306.37359946,1,"false",FALSE,FALSE,TRUE,FALSE,TRUE
"116","2022-10-23",9,"Blood Red Sky",1510000,1.4667,1029522.0563169,16,"false",FALSE,FALSE,FALSE,TRUE,FALSE
"117","2022-10-09",8,"Marauders",8350000,1.75,4771428.57142857,2,"false",FALSE,FALSE,FALSE,FALSE,TRUE
"118","2022-10-02",7,"Marauders",6700000,2,3350000,1,"false",FALSE,FALSE,FALSE,FALSE,TRUE
"119","2022-09-11",9,"Triple 9",6530000,1.6333,3998040.77634237,1,"false",FALSE,TRUE,FALSE,FALSE,TRUE
"120","2022-09-04",10,"Collateral",6100000,1.4333,4255912.92820763,1,"false",FALSE,FALSE,FALSE,TRUE,TRUE
"121","2022-09-04",7,"School Life",3420000,1.5667,2182932.27803664,1,"false",FALSE,TRUE,TRUE,TRUE,FALSE
"122","2022-08-28",7,"Blood Red Sky",2930000,1.8667,1569614.82830664,15,"false",FALSE,FALSE,FALSE,TRUE,FALSE
"123","2022-08-21",7,"The Angry Birds Movie 2",11470000,1.6667,6881862.36275274,1,"false",FALSE,FALSE,TRUE,FALSE,TRUE
"124","2022-08-21",6,"Blood Red Sky",5180000,2.1,2466666.66666667,14,"false",FALSE,FALSE,FALSE,TRUE,FALSE
"125","2022-08-14",6,"Blood Red Sky",3540000,2.0833,1699227.187635,13,"false",FALSE,FALSE,FALSE,TRUE,FALSE
"126","2022-08-07",8,"Blood Red Sky",2590000,1.8667,1387475.22365672,12,"false",FALSE,FALSE,FALSE,TRUE,FALSE
"127","2022-07-31",4,"Major Grom: Plague Doctor",3680000,1.9667,1871154.72619108,7,"false",FALSE,FALSE,FALSE,TRUE,FALSE
"128","2022-07-10",5,"American Assassin",13360000,2,6680000,1,"false",FALSE,FALSE,FALSE,FALSE,TRUE
"129","2022-07-03",6,"Homefront",1.1e+07,2,5500000,1,"false",FALSE,FALSE,FALSE,FALSE,TRUE
"130","2022-07-03",8,"The Mist",6230000,2.2333,2789593.87453544,2,"false",FALSE,FALSE,FALSE,FALSE,TRUE
"131","2022-06-26",8,"The Mist",8400000,2,4200000,1,"false",FALSE,FALSE,FALSE,FALSE,TRUE
"132","2022-06-19",8,"Don",2740000,2,1370000,2,"false",FALSE,FALSE,FALSE,TRUE,FALSE
"133","2022-06-12",3,"Don",3640000,2,1820000,1,"false",FALSE,FALSE,FALSE,TRUE,FALSE
"134","2022-06-05",5,"Memoirs of a Geisha",10200000,1.4333,7116444.56847834,1,"false",FALSE,TRUE,FALSE,FALSE,TRUE
"135","2022-06-05",6,"The Outpost",10120000,2.0833,4857677.72284357,1,"false",FALSE,TRUE,FALSE,FALSE,TRUE
"136","2022-05-29",8,"Turbo",5310000,1.9667,2699954.23806376,1,"false",FALSE,FALSE,TRUE,FALSE,TRUE
"137","2022-05-15",9,"Den of Thieves",5420000,1.6667,3251934.96130077,1,"false",FALSE,FALSE,FALSE,FALSE,TRUE
"138","2022-05-08",10,"365 Days",6290000,1.6667,3773924.52150957,2,"false",FALSE,TRUE,FALSE,TRUE,TRUE
"139","2022-05-01",4,"365 Days",10040000,1.9667,5104998.22036915,1,"false",FALSE,TRUE,FALSE,TRUE,TRUE
"140","2022-05-01",5,"The Vault",6660000,1.6667,3995920.08159837,3,"false",FALSE,FALSE,FALSE,TRUE,TRUE
"141","2022-05-01",6,"How It Ends",6640000,1.9667,3376213.96247521,4,"false",FALSE,FALSE,FALSE,FALSE,TRUE
"142","2022-04-24",4,"How It Ends",8280000,1.6,5175000,3,"false",FALSE,FALSE,FALSE,FALSE,TRUE
"143","2022-04-24",7,"Playing with Fire",6750000,1.75,3857142.85714286,1,"false",FALSE,FALSE,FALSE,TRUE,TRUE
"144","2022-04-24",8,"The Vault",6620000,1.65,4012121.21212121,2,"false",FALSE,FALSE,FALSE,TRUE,TRUE
"145","2022-04-17",6,"How It Ends",8600000,1.6667,5159896.80206396,2,"false",FALSE,FALSE,FALSE,FALSE,TRUE
"146","2022-04-17",7,"The Call",7710000,1.6667,4625907.48185036,1,"false",FALSE,FALSE,FALSE,TRUE,TRUE
"147","2022-04-10",8,"How It Ends",5650000,2,2825000,1,"false",FALSE,FALSE,FALSE,FALSE,TRUE
"148","2022-04-03",5,"6 Underground",8730000,1.9667,4438907.81512178,3,"false",FALSE,TRUE,FALSE,FALSE,TRUE
"149","2022-03-27",7,"6 Underground",7440000,2,3720000,2,"false",FALSE,TRUE,FALSE,FALSE,TRUE
"150","2022-03-20",4,"The Ice Road",11650000,2,5825000,2,"false",FALSE,FALSE,FALSE,FALSE,TRUE
"151","2022-03-13",7,"Shooter",7390000,1.4667,5038521.8517761,1,"false",FALSE,FALSE,FALSE,FALSE,TRUE
"152","2022-03-13",8,"Spider-Man: Into the Spider-Verse",5910000,1.5167,3896617.6567548,2,"false",FALSE,FALSE,TRUE,FALSE,TRUE
"153","2022-03-13",10,"Coach Carter",5450000,2,2725000,1,"false",FALSE,TRUE,FALSE,FALSE,TRUE
"154","2022-03-13",10,"Black Beach",1600000,1.4333,1116305.03034954,1,"false",FALSE,FALSE,FALSE,TRUE,FALSE
"155","2022-03-06",4,"Spider-Man: Into the Spider-Verse",13940000,1.5167,9191006.79105954,1,"false",FALSE,FALSE,TRUE,FALSE,TRUE
"156","2022-02-20",7,"Into the Wind",4890000,1.0833,4513985.04569371,2,"false",FALSE,TRUE,FALSE,TRUE,FALSE
"157","2022-02-13",3,"Into the Wind",10710000,1.9667,5445670.41236589,1,"false",FALSE,TRUE,FALSE,TRUE,FALSE
"158","2022-02-06",5,"Lost Bullet",1570000,2,785000,3,"false",FALSE,TRUE,FALSE,TRUE,FALSE
"159","2022-02-06",9,"Fierce",1250000,1.5667,797855.364779473,2,"false",FALSE,TRUE,TRUE,TRUE,FALSE
"160","2022-01-30",5,"The Secret Life of Pets 2",7850000,2.0833,3768060.28896462,3,"false",FALSE,FALSE,TRUE,FALSE,TRUE
"161","2022-01-30",7,"Hotel Transylvania 3: Summer Vacation",6280000,1.5167,4140568.33915738,5,"false",FALSE,FALSE,TRUE,FALSE,TRUE
"162","2022-01-30",5,"Lost Bullet",2630000,2,1315000,2,"false",FALSE,TRUE,FALSE,TRUE,FALSE
"163","2022-01-30",8,"Blood Red Sky",1690000,1.5167,1114261.22502802,11,"false",FALSE,FALSE,FALSE,TRUE,FALSE
"164","2022-01-30",9,"Rogue City",1400000,1.8667,749986.607382011,2,"false",FALSE,TRUE,FALSE,TRUE,FALSE
"165","2022-01-23",4,"The Secret Life of Pets 2",16800000,2,8400000,2,"false",FALSE,FALSE,TRUE,FALSE,TRUE
"166","2022-01-23",6,"Rogue City",2450000,1.4667,1670416.58144133,1,"false",FALSE,TRUE,FALSE,TRUE,FALSE
"167","2022-01-23",8,"Lost Bullet",2050000,1.4333,1430265.82013535,1,"false",FALSE,TRUE,FALSE,TRUE,FALSE
"168","2022-01-23",9,"Blood Red Sky",1870000,1.6333,1144921.324925,10,"false",FALSE,FALSE,FALSE,TRUE,FALSE
"169","2022-01-16",4,"The Secret Life of Pets 2",9390000,1.4333,6551315.14686388,1,"false",FALSE,FALSE,TRUE,FALSE,TRUE
"170","2022-01-16",10,"The Clovehitch Killer",7e+06,1.6667,4199916.00167997,1,"false",FALSE,TRUE,FALSE,FALSE,TRUE
"171","2022-01-16",6,"Major Grom: Plague Doctor",3120000,1.5667,1991446.99048956,6,"false",FALSE,FALSE,FALSE,TRUE,FALSE
"172","2022-01-09",10,"The Longest Yard",9960000,1.4333,6948998.8139259,1,"false",FALSE,FALSE,TRUE,FALSE,TRUE
"173","2022-01-09",8,"Major Grom: Plague Doctor",2830000,1.6333,1732688.4222127,5,"false",FALSE,FALSE,FALSE,TRUE,FALSE
"174","2022-01-02",7,"The Whole Truth",2780000,2,1390000,5,"false",FALSE,TRUE,FALSE,FALSE,FALSE
"175","2021-12-26",6,"The Christmas Chronicles",12910000,1.6667,7745845.08309834,4,"false",FALSE,FALSE,TRUE,FALSE,TRUE
"176","2021-12-26",9,"The Christmas Chronicles: Part Two",10990000,2,5495000,3,"false",FALSE,FALSE,TRUE,FALSE,TRUE
"177","2021-12-26",6,"The Whole Truth",2970000,1.9667,1510143.89586617,4,"false",FALSE,TRUE,FALSE,FALSE,FALSE
"178","2021-12-19",8,"The Christmas Chronicles",8430000,1.8667,4515990.78587882,3,"false",FALSE,FALSE,TRUE,FALSE,TRUE
"179","2021-12-19",9,"The Christmas Chronicles: Part Two",7840000,2.2333,3510500.15671876,2,"false",FALSE,FALSE,TRUE,FALSE,TRUE
"180","2021-12-19",4,"The Whole Truth",4640000,1.9667,2359282.04606702,3,"false",FALSE,TRUE,FALSE,FALSE,FALSE
"181","2021-12-12",10,"The Christmas Chronicles",8510000,2,4255000,2,"false",FALSE,FALSE,TRUE,FALSE,TRUE
"182","2021-12-12",1,"The Whole Truth",10540000,2,5270000,2,"false",FALSE,TRUE,FALSE,FALSE,FALSE
"183","2021-12-05",8,"The Christmas Chronicles",7940000,1.5667,5067977.27707921,1,"false",FALSE,FALSE,TRUE,FALSE,TRUE
"184","2021-12-05",9,"The Christmas Chronicles: Part Two",7790000,1.7333,4494317.19840766,1,"false",FALSE,FALSE,TRUE,FALSE,TRUE
"185","2021-12-05",2,"The Whole Truth",11950000,1.5167,7878947.71543483,1,"false",FALSE,TRUE,FALSE,FALSE,FALSE
"186","2021-11-28",6,"The Croods",15860000,1.6667,9515809.68380632,2,"false",FALSE,FALSE,TRUE,FALSE,TRUE
"187","2021-11-21",6,"The Croods",13440000,1.5167,8861343.70673172,1,"false",FALSE,FALSE,TRUE,FALSE,TRUE
"188","2021-11-21",9,"6 Underground",7770000,1.6667,4661906.76186476,1,"false",FALSE,TRUE,FALSE,FALSE,TRUE
"189","2021-11-21",10,"Goosebumps 2: Haunted Halloween",7680000,1.5167,5063624.97527527,1,"false",FALSE,FALSE,TRUE,FALSE,TRUE
"190","2021-11-14",7,"Army of the Dead",7620000,1.0833,7034062.58654112,3,"false",FALSE,FALSE,FALSE,FALSE,TRUE
"191","2021-11-14",8,"Fierce",1800000,1.5167,1186787.10358014,1,"false",FALSE,TRUE,TRUE,TRUE,FALSE
"192","2021-11-07",4,"Army of the Dead",16910000,1.6667,10145797.0840583,2,"false",FALSE,FALSE,FALSE,FALSE,TRUE
"193","2021-10-31",6,"Only Mine",6670000,2,3335000,1,"false",FALSE,FALSE,FALSE,FALSE,TRUE
"194","2021-10-31",7,"Army of the Dead",5780000,1.5667,3689283.20674028,1,"false",FALSE,FALSE,FALSE,FALSE,TRUE
"195","2021-10-31",6,"Nobody Sleeps in the Woods Tonight",1900000,1.75,1085714.28571429,1,"false",FALSE,FALSE,FALSE,TRUE,FALSE
"196","2021-10-31",9,"Budapest",1170000,1.6667,701985.960280794,1,"false",FALSE,FALSE,TRUE,TRUE,FALSE
"197","2021-10-24",5,"My Little Pony: A New Generation",5570000,1.4333,3886136.88690435,5,"false",FALSE,FALSE,FALSE,FALSE,TRUE
"198","2021-10-24",10,"Hotel Transylvania 3: Summer Vacation",3430000,2.2333,1535843.81856446,4,"false",FALSE,FALSE,TRUE,FALSE,TRUE
"199","2021-10-24",9,"Confessions of an Invisible Girl",1400000,1.4333,976766.90155585,5,"false",FALSE,FALSE,TRUE,FALSE,FALSE
"200","2021-10-17",3,"Security",9470000,2,4735000,2,"false",FALSE,TRUE,FALSE,TRUE,TRUE
"201","2021-10-17",4,"My Little Pony: A New Generation",8220000,1.5667,5246696.87878981,4,"false",FALSE,FALSE,FALSE,FALSE,TRUE
"202","2021-10-17",7,"Redemption",5800000,1.4333,4046605.73501709,1,"false",FALSE,TRUE,FALSE,TRUE,TRUE
"203","2021-10-17",7,"Confessions of an Invisible Girl",2120000,2.1,1009523.80952381,4,"false",FALSE,FALSE,TRUE,FALSE,FALSE
"204","2021-10-10",4,"My Little Pony: A New Generation",13370000,1.6333,8185881.34451723,3,"false",FALSE,FALSE,FALSE,FALSE,TRUE
"205","2021-10-10",10,"Security",6830000,1.5167,4503197.73191798,1,"false",FALSE,TRUE,FALSE,TRUE,TRUE
"206","2021-10-10",4,"Confessions of an Invisible Girl",2730000,1.4667,1861321.33360605,3,"false",FALSE,FALSE,TRUE,FALSE,FALSE
"207","2021-10-03",2,"My Little Pony: A New Generation",24510000,1.4333,17100397.6836671,2,"false",FALSE,FALSE,FALSE,FALSE,TRUE
"208","2021-10-03",3,"The Starling",20130000,1.75,11502857.1428571,2,"false",FALSE,TRUE,TRUE,FALSE,TRUE
"209","2021-10-03",6,"Intrusion",12050000,1.8667,6455241.87068088,2,"false",FALSE,FALSE,FALSE,FALSE,TRUE
"210","2021-10-03",7,"Grown Ups",8130000,1.65,4927272.72727273,2,"false",FALSE,FALSE,TRUE,FALSE,TRUE
"211","2021-10-03",8,"Kate",5680000,2,2840000,4,"false",FALSE,FALSE,FALSE,FALSE,TRUE
"212","2021-10-03",10,"Vivo",4160000,1.8667,2228531.63336369,7,"false",FALSE,FALSE,FALSE,FALSE,TRUE
"213","2021-10-03",3,"Confessions of an Invisible Girl",6350000,1.75,3628571.42857143,2,"false",FALSE,FALSE,TRUE,FALSE,FALSE
"214","2021-10-03",6,"The Father Who Moves Mountains",2940000,1.4667,2004499.8977296,3,"false",FALSE,TRUE,FALSE,TRUE,FALSE
"215","2021-10-03",8,"Je Suis Karl",2140000,1.4333,1493057.97809251,1,"false",FALSE,TRUE,FALSE,TRUE,FALSE
"216","2021-10-03",9,"The Stronghold",1840000,1.5833,1162129.72904693,3,"false",FALSE,TRUE,FALSE,TRUE,FALSE
"217","2021-10-03",10,"Freaks â€“ You're One of Us",1450000,1.75,828571.428571429,1,"false",FALSE,TRUE,FALSE,TRUE,FALSE
"218","2021-09-26",1,"Intrusion",30040000,1.4333,20958626.9448127,1,"false",FALSE,FALSE,FALSE,FALSE,TRUE
"219","2021-09-26",2,"The Starling",16670000,2.2333,7464290.51179868,1,"false",FALSE,TRUE,TRUE,FALSE,TRUE
"220","2021-09-26",3,"My Little Pony: A New Generation",15510000,1.5167,10226148.8758489,1,"false",FALSE,FALSE,FALSE,FALSE,TRUE
"221","2021-09-26",5,"Kate",11280000,1.4333,7869950.46396428,3,"false",FALSE,FALSE,FALSE,FALSE,TRUE
"222","2021-09-26",6,"Grown Ups",9250000,2,4625000,1,"false",FALSE,FALSE,TRUE,FALSE,TRUE
"223","2021-09-26",7,"Schumacher",8040000,1.4333,5609432.77750645,2,"false",FALSE,FALSE,FALSE,TRUE,TRUE
"224","2021-09-26",8,"Safe House",6930000,1.6667,4157916.84166317,2,"false",FALSE,FALSE,FALSE,FALSE,TRUE
"225","2021-09-26",9,"Nightbooks",6790000,2.1,3233333.33333333,2,"false",FALSE,FALSE,FALSE,FALSE,TRUE
"226","2021-09-26",1,"The Father Who Moves Mountains",16120000,1.65,9769696.96969697,2,"false",FALSE,TRUE,FALSE,TRUE,FALSE
"227","2021-09-26",2,"The Stronghold",9490000,1.4333,6621084.21126073,2,"false",FALSE,TRUE,FALSE,TRUE,FALSE
"228","2021-09-26",3,"Confessions of an Invisible Girl",7130000,1.9667,3625362.28199522,1,"false",FALSE,FALSE,TRUE,FALSE,FALSE
"229","2021-09-26",4,"Prey",2330000,1.9667,1184725.68261555,3,"false",FALSE,FALSE,FALSE,TRUE,FALSE
"230","2021-09-26",6,"Ankahi Kahaniya",1260000,1.75,720000,1,"false",FALSE,TRUE,FALSE,TRUE,FALSE
"231","2021-09-26",7,"Blood Red Sky",1120000,1.4333,781413.52124468,9,"false",FALSE,FALSE,FALSE,TRUE,FALSE
"232","2021-09-26",8,"Pinkfong & Baby Shark's Space Adventure",1050000,1.9667,533889.256114303,2,"false",FALSE,FALSE,FALSE,FALSE,FALSE
"233","2021-09-26",9,"Xtreme",1030000,1.6667,617987.640247195,3,"false",FALSE,FALSE,FALSE,TRUE,FALSE
"234","2021-09-26",10,"Rurouni Kenshin: The Beginning",930000,1.4333,648852.298890672,7,"false",FALSE,FALSE,FALSE,TRUE,FALSE
"235","2021-09-19",1,"Kate",37400000,1.6,23375000,2,"false",FALSE,FALSE,FALSE,FALSE,TRUE
"236","2021-09-19",2,"Schumacher",17290000,2.0833,8299332.78932463,1,"false",FALSE,FALSE,FALSE,TRUE,TRUE
"237","2021-09-19",5,"Nightbooks",13160000,1.0833,12148066.0943414,1,"false",FALSE,FALSE,FALSE,FALSE,TRUE
"238","2021-09-19",7,"Firedrake the Silver Dragon",9650000,2,4825000,1,"false",FALSE,FALSE,FALSE,FALSE,TRUE
"239","2021-09-19",8,"Safe House",9060000,2,4530000,1,"false",FALSE,FALSE,FALSE,FALSE,TRUE
"240","2021-09-19",9,"Afterlife of the Party",8100000,1.9667,4118574.2614532,3,"false",FALSE,FALSE,TRUE,FALSE,TRUE
"241","2021-09-19",10,"First Kill",6950000,2,3475000,1,"false",FALSE,FALSE,FALSE,FALSE,TRUE
"242","2021-09-19",1,"The Father Who Moves Mountains",14830000,1.8667,7944500.99105373,1,"false",FALSE,TRUE,FALSE,TRUE,FALSE
"243","2021-09-19",2,"Prey",14270000,1.75,8154285.71428571,2,"false",FALSE,FALSE,FALSE,TRUE,FALSE
"244","2021-09-19",3,"The Stronghold",10360000,1.6667,6215875.68248635,1,"false",FALSE,TRUE,FALSE,TRUE,FALSE
"245","2021-09-19",4,"JJ+E",3140000,1.75,1794285.71428571,2,"false",FALSE,TRUE,FALSE,TRUE,FALSE
"246","2021-09-19",8,"Kung Fu Hustle",1800000,1.9667,915238.724767377,2,"false",FALSE,FALSE,TRUE,FALSE,FALSE
"247","2021-09-19",9,"The Women and the Murderer",1470000,1.7333,848093.232562165,2,"false",FALSE,FALSE,FALSE,TRUE,FALSE
"248","2021-09-12",1,"Kate",38780000,1.0833,35798024.5546017,1,"false",FALSE,FALSE,FALSE,FALSE,TRUE
"249","2021-09-12",2,"Afterlife of the Party",23790000,1.6333,14565603.3796608,2,"false",FALSE,FALSE,TRUE,FALSE,TRUE
"250","2021-09-12",3,"Worth",13560000,2,6780000,2,"false",FALSE,TRUE,FALSE,FALSE,TRUE
"251","2021-09-12",4,"He's All That",10930000,1.4333,7625758.73857532,3,"false",FALSE,FALSE,TRUE,FALSE,TRUE
"252","2021-09-12",5,"SAS: Rise of the Black Swan",9930000,1.9667,5049066.9649667,3,"false",FALSE,FALSE,FALSE,TRUE,TRUE
"253","2021-09-12",8,"Vivo",6960000,2.2333,3116464.42484216,6,"false",FALSE,FALSE,FALSE,FALSE,TRUE
"254","2021-09-12",9,"Sweet Girl",6570000,2,3285000,4,"false",FALSE,TRUE,FALSE,FALSE,TRUE
"255","2021-09-12",1,"Prey",13440000,1.6667,8063838.72322553,1,"false",FALSE,FALSE,FALSE,TRUE,FALSE
"256","2021-09-12",2,"JJ+E",5410000,1.8667,2898162.53281191,1,"false",FALSE,TRUE,FALSE,TRUE,FALSE
"257","2021-09-12",3,"Kung Fu Hustle",3250000,1.7333,1875036.05838574,1,"false",FALSE,FALSE,TRUE,FALSE,FALSE
"258","2021-09-12",5,"The Women and the Murderer",2060000,1.75,1177142.85714286,1,"false",FALSE,FALSE,FALSE,TRUE,FALSE
"259","2021-09-12",6,"Blood Red Sky",1780000,1.5833,1124234.19440409,8,"false",FALSE,FALSE,FALSE,TRUE,FALSE
"260","2021-09-12",8,"The Secret Diary of an Exchange Student",1450000,2,725000,4,"false",FALSE,FALSE,TRUE,TRUE,FALSE
"261","2021-09-12",9,"Out of my league",1440000,1.5167,949429.682864113,4,"false",FALSE,TRUE,TRUE,TRUE,FALSE
"262","2021-09-05",1,"He's All That",36730000,1.4333,25626177.3529617,2,"false",FALSE,FALSE,TRUE,FALSE,TRUE
"263","2021-09-05",2,"SAS: Rise of the Black Swan",32730000,1.6667,19637607.247855,2,"false",FALSE,FALSE,FALSE,TRUE,TRUE
"264","2021-09-05",3,"Afterlife of the Party",26710000,2.0167,13244409.1833193,1,"false",FALSE,FALSE,TRUE,FALSE,TRUE
"265","2021-09-05",4,"Sweet Girl",13390000,2.2333,5995611.8748041,3,"false",FALSE,TRUE,FALSE,FALSE,TRUE
"266","2021-09-05",5,"Vivo",9380000,1.75,5360000,5,"false",FALSE,FALSE,FALSE,FALSE,TRUE
"267","2021-09-05",6,"The Loud House Movie",6640000,1.5167,4377925.75987341,3,"false",FALSE,FALSE,TRUE,FALSE,TRUE
"268","2021-09-05",7,"Worth",6480000,2,3240000,1,"false",FALSE,TRUE,FALSE,FALSE,TRUE
"269","2021-09-05",9,"Welcome Home Roscoe Jenkins",6270000,2,3135000,1,"false",FALSE,FALSE,TRUE,FALSE,TRUE
"270","2021-09-05",10,"Green Lantern",6230000,2.2333,2789593.87453544,1,"false",FALSE,FALSE,FALSE,FALSE,TRUE
"271","2021-09-05",2,"Out of my league",2270000,1.4667,1547692.09790687,3,"false",FALSE,TRUE,TRUE,TRUE,FALSE
"272","2021-09-05",3,"The Secret Diary of an Exchange Student",2100000,1.4333,1465150.35233378,3,"false",FALSE,FALSE,TRUE,TRUE,FALSE
"273","2021-09-05",4,"Blood Red Sky",2080000,1.6667,1247975.04049919,7,"false",FALSE,FALSE,FALSE,TRUE,FALSE
"274","2021-09-05",6,"Black Island",1420000,1.8667,760700.701773183,3,"false",FALSE,FALSE,FALSE,TRUE,FALSE
"275","2021-09-05",7,"Rurouni Kenshin: The Beginning",1330000,2.0833,638410.214563433,6,"false",FALSE,FALSE,FALSE,TRUE,FALSE
"276","2021-09-05",8,"Thimmarusu",1220000,1.8667,653559.757861467,1,"false",FALSE,TRUE,FALSE,TRUE,FALSE
"277","2021-09-05",10,"Pinkfong & Baby Shark's Space Adventure",1120000,1.4333,781413.52124468,1,"false",FALSE,FALSE,FALSE,FALSE,FALSE
"278","2021-08-29",1,"Sweet Girl",48140000,1.4667,32821981.3186064,2,"false",FALSE,TRUE,FALSE,FALSE,TRUE
"279","2021-08-29",2,"He's All That",42810000,1.0833,39518139.0196621,1,"false",FALSE,FALSE,TRUE,FALSE,TRUE
"280","2021-08-29",3,"SAS: Rise of the Black Swan",35650000,1.0833,32908704.8832272,1,"false",FALSE,FALSE,FALSE,TRUE,TRUE
"281","2021-08-29",4,"The Loud House Movie",16910000,2,8455000,2,"false",FALSE,FALSE,TRUE,FALSE,TRUE
"282","2021-08-29",5,"The Old Ways",13720000,2,6860000,1,"false",FALSE,FALSE,FALSE,FALSE,TRUE
"283","2021-08-29",6,"Vivo",13430000,2,6715000,4,"false",FALSE,FALSE,FALSE,FALSE,TRUE
"284","2021-08-29",7,"The Witcher: Nightmare of the Wolf",13300000,1.6333,8143023.32700667,1,"false",FALSE,FALSE,FALSE,FALSE,TRUE
"285","2021-08-29",9,"The Kissing Booth 3",9560000,2.0833,4588873.42197475,3,"false",FALSE,FALSE,TRUE,FALSE,TRUE
"286","2021-08-29",1,"Black Island",6570000,1.65,3981818.18181818,2,"false",FALSE,FALSE,FALSE,TRUE,FALSE
"287","2021-08-29",2,"Out of my league",5790000,1.4333,4039628.82857741,2,"false",FALSE,TRUE,TRUE,TRUE,FALSE
"288","2021-08-29",3,"The Secret Diary of an Exchange Student",5090000,1.4333,3551245.37779948,2,"false",FALSE,FALSE,TRUE,TRUE,FALSE
"289","2021-08-29",4,"Blood Red Sky",3020000,2,1510000,6,"false",FALSE,FALSE,FALSE,TRUE,FALSE
"290","2021-08-29",5,"Rurouni Kenshin: The Beginning",2280000,1.75,1302857.14285714,5,"false",FALSE,FALSE,FALSE,TRUE,FALSE
"291","2021-08-29",6,"The Last Mercenary",2e+06,1.6667,1199976.00047999,5,"false",FALSE,FALSE,TRUE,TRUE,FALSE
"292","2021-08-29",8,"Mimi",1510000,1.4333,1053512.87239238,5,"false",FALSE,TRUE,TRUE,TRUE,FALSE
"293","2021-08-29",9,"Bartkowiak",1460000,2.1,695238.095238095,3,"false",FALSE,FALSE,FALSE,TRUE,FALSE
"294","2021-08-29",10,"Shiny_Flakes: The Teenage Drug Lord",1440000,2.2333,644785.743070792,4,"false",FALSE,FALSE,FALSE,TRUE,FALSE
"295","2021-08-22",1,"Sweet Girl",57160000,1.4667,38971841.5490557,1,"false",FALSE,TRUE,FALSE,FALSE,TRUE
"296","2021-08-22",2,"The Kissing Booth 3",26170000,2,13085000,2,"false",FALSE,FALSE,TRUE,FALSE,TRUE
"297","2021-08-22",3,"Beckett",23870000,1.6667,14321713.5657287,2,"false",FALSE,FALSE,FALSE,FALSE,TRUE
"298","2021-08-22",4,"Vivo",21960000,2,10980000,3,"false",FALSE,FALSE,FALSE,FALSE,TRUE
"299","2021-08-22",5,"The Loud House Movie",13860000,2.0833,6652906.44650314,1,"false",FALSE,FALSE,TRUE,FALSE,TRUE
"300","2021-08-22",7,"Hotel Transylvania 3: Summer Vacation",8550000,1.6667,5129897.40205196,3,"false",FALSE,FALSE,TRUE,FALSE,TRUE
"301","2021-08-22",10,"Resort to Love",6320000,1.75,3611428.57142857,4,"false",FALSE,FALSE,TRUE,FALSE,TRUE
"302","2021-08-22",1,"Black Island",17330000,2.2333,7759817.31070613,1,"false",FALSE,FALSE,FALSE,TRUE,FALSE
"303","2021-08-22",2,"The Secret Diary of an Exchange Student",7910000,1.75,4520000,1,"false",FALSE,FALSE,TRUE,TRUE,FALSE
"304","2021-08-22",3,"Out of my league",7120000,2,3560000,1,"false",FALSE,TRUE,TRUE,TRUE,FALSE
"305","2021-08-22",4,"Blood Red Sky",4520000,1.9667,2298266.13108252,5,"false",FALSE,FALSE,FALSE,TRUE,FALSE
"306","2021-08-22",5,"Rurouni Kenshin: The Beginning",3630000,2.1,1728571.42857143,4,"false",FALSE,FALSE,FALSE,TRUE,FALSE
"307","2021-08-22",6,"The Last Mercenary",3340000,1.4333,2330286.75085467,4,"false",FALSE,FALSE,TRUE,TRUE,FALSE
"308","2021-08-22",9,"Mimi",2340000,2,1170000,4,"false",FALSE,TRUE,TRUE,TRUE,FALSE
"309","2021-08-22",10,"Shiny_Flakes: The Teenage Drug Lord",2250000,1.4333,1569803.94892904,3,"false",FALSE,FALSE,FALSE,TRUE,FALSE
"310","2021-08-15",1,"The Kissing Booth 3",90860000,2.1,43266666.6666667,1,"false",FALSE,FALSE,TRUE,FALSE,TRUE
"311","2021-08-15",2,"Vivo",37050000,1.4667,25260789.5275107,2,"false",FALSE,FALSE,FALSE,FALSE,TRUE
"312","2021-08-15",3,"Beckett",23580000,1.7333,13604107.7713033,1,"false",FALSE,FALSE,FALSE,FALSE,TRUE
"313","2021-08-15",4,"Hotel Transylvania 3: Summer Vacation",21460000,1.75,12262857.1428571,2,"false",FALSE,FALSE,TRUE,FALSE,TRUE
"314","2021-08-15",5,"Aftermath",15870000,1.65,9618181.81818182,2,"false",FALSE,FALSE,FALSE,FALSE,TRUE
"315","2021-08-15",6,"Resort to Love",9860000,1.8667,5282048.53484759,3,"false",FALSE,FALSE,TRUE,FALSE,TRUE
"316","2021-08-15",7,"The Kissing Booth",8590000,1.6333,5259291.0059389,1,"false",FALSE,FALSE,TRUE,FALSE,TRUE
"317","2021-08-15",8,"The Kissing Booth 2",8370000,1.4333,5839670.69001605,1,"false",FALSE,FALSE,TRUE,FALSE,TRUE
"318","2021-08-15",9,"Dead Man Down",7580000,1.8667,4060641.77425403,2,"false",FALSE,FALSE,FALSE,FALSE,TRUE
"319","2021-08-15",10,"Untold: Malice at the Palace",6450000,1.5167,4252653.78782884,1,"false",FALSE,FALSE,FALSE,FALSE,TRUE
"320","2021-08-15",1,"The Swarm",11470000,2,5735000,2,"false",FALSE,FALSE,FALSE,TRUE,FALSE
"321","2021-08-15",2,"The Last Mercenary",7570000,1.75,4325714.28571429,3,"false",FALSE,FALSE,TRUE,TRUE,FALSE
"322","2021-08-15",3,"Rurouni Kenshin: The Beginning",6550000,2.0833,3144050.30480488,3,"false",FALSE,FALSE,FALSE,TRUE,FALSE
"323","2021-08-15",4,"Blood Red Sky",6470000,2.1,3080952.38095238,4,"false",FALSE,FALSE,FALSE,TRUE,FALSE
"324","2021-08-15",6,"Mimi",3630000,1.8667,1944608.13199764,3,"false",FALSE,TRUE,TRUE,TRUE,FALSE
"325","2021-08-15",7,"Shiny_Flakes: The Teenage Drug Lord",3440000,1.6667,2063958.72082558,2,"false",FALSE,FALSE,FALSE,TRUE,FALSE
"326","2021-08-15",8,"Rurouni Kenshin: The Final",2820000,1.6667,1691966.16067679,3,"false",FALSE,FALSE,FALSE,TRUE,FALSE
"327","2021-08-15",9,"Navarasa",2800000,2,1400000,2,"false",FALSE,FALSE,FALSE,FALSE,FALSE
"328","2021-08-15",10,"Kingdom: Ashin of the North",2190000,2.1,1042857.14285714,4,"false",FALSE,FALSE,FALSE,TRUE,FALSE
"329","2021-08-08",1,"Aftermath",24200000,1.75,13828571.4285714,1,"false",FALSE,FALSE,FALSE,FALSE,TRUE
"330","2021-08-08",2,"Resort to Love",23480000,1.4333,16381776.3203795,2,"false",FALSE,FALSE,TRUE,FALSE,TRUE
"331","2021-08-08",3,"Vivo",21940000,1.4333,15307332.7286681,1,"false",FALSE,FALSE,FALSE,FALSE,TRUE
"332","2021-08-08",4,"The Vault",10870000,2.0833,5217683.48293573,1,"false",FALSE,FALSE,FALSE,TRUE,TRUE
"333","2021-08-08",5,"The Losers",8040000,2.1,3828571.42857143,1,"false",FALSE,FALSE,FALSE,FALSE,TRUE
"334","2021-08-08",6,"The Last Letter From Your Lover",6850000,1.8667,3669577.32897627,3,"false",FALSE,TRUE,FALSE,FALSE,TRUE
"335","2021-08-08",7,"Hotel Transylvania 3: Summer Vacation",6250000,1.7333,3605838.57381873,1,"false",FALSE,FALSE,TRUE,FALSE,TRUE
"336","2021-08-08",8,"Dead Man Down",5840000,2,2920000,1,"false",FALSE,FALSE,FALSE,FALSE,TRUE
"337","2021-08-08",9,"Wish Dragon",5150000,1.9667,2618599.68475111,5,"false",FALSE,FALSE,TRUE,FALSE,TRUE
"338","2021-08-08",10,"World Trade Center",5050000,2,2525000,1,"false",FALSE,TRUE,FALSE,FALSE,TRUE
"339","2021-08-08",1,"The Last Mercenary",23890000,2.0833,11467383.4781357,2,"false",FALSE,FALSE,TRUE,TRUE,FALSE
"340","2021-08-08",2,"Rurouni Kenshin: The Beginning",15080000,2,7540000,2,"false",FALSE,FALSE,FALSE,TRUE,FALSE
"341","2021-08-08",3,"Blood Red Sky",13300000,1.6667,7979840.40319194,3,"false",FALSE,FALSE,FALSE,TRUE,FALSE
"342","2021-08-08",4,"The Swarm",11380000,1.6333,6967489.13243127,1,"false",FALSE,FALSE,FALSE,TRUE,FALSE
"343","2021-08-08",5,"Mimi",5140000,1.7333,2965441.64310852,2,"false",FALSE,TRUE,TRUE,TRUE,FALSE
"344","2021-08-08",6,"Bartkowiak",4570000,1.5167,3013120.59075625,2,"false",FALSE,FALSE,FALSE,TRUE,FALSE
"345","2021-08-08",8,"Navarasa",3520000,2,1760000,1,"false",FALSE,FALSE,FALSE,FALSE,FALSE
"346","2021-08-08",9,"Kingdom: Ashin of the North",3450000,1.5167,2274675.28186194,3,"false",FALSE,FALSE,FALSE,TRUE,FALSE
"347","2021-08-08",10,"Shiny_Flakes: The Teenage Drug Lord",3340000,1.4667,2277220.97225063,1,"false",FALSE,FALSE,FALSE,TRUE,FALSE
"348","2021-08-01",1,"Resort to Love",28050000,2.0167,13908861.0105618,1,"false",FALSE,FALSE,TRUE,FALSE,TRUE
"349","2021-08-01",2,"The Last Letter From Your Lover",18890000,1.6,11806250,2,"false",FALSE,TRUE,FALSE,FALSE,TRUE
"350","2021-08-01",3,"Trollhunters: Rise of the Titans",8960000,2,4480000,2,"false",FALSE,FALSE,FALSE,FALSE,TRUE
"351","2021-08-01",4,"Fear Street Part 1: 1994",6570000,1.4667,4479443.64900798,5,"false",FALSE,FALSE,FALSE,FALSE,TRUE
"352","2021-08-01",5,"Wish Dragon",6290000,1.65,3812121.21212121,4,"false",FALSE,FALSE,TRUE,FALSE,TRUE
"353","2021-08-01",6,"Fear Street Part 3: 1666",6190000,2.0833,2971247.53996064,3,"false",FALSE,FALSE,FALSE,FALSE,TRUE
"354","2021-08-01",7,"Twilight",5840000,2,2920000,3,"false",FALSE,TRUE,FALSE,FALSE,TRUE
"355","2021-08-01",8,"Fear Street Part 2: 1978",5840000,2,2920000,4,"false",FALSE,FALSE,FALSE,FALSE,TRUE
"356","2021-08-01",9,"The Twilight Saga: Breaking Dawn: Part 2",5200000,1.5833,3284279.66904566,2,"false",FALSE,TRUE,FALSE,FALSE,TRUE
"357","2021-08-01",10,"The Twilight Saga: New Moon",5030000,2,2515000,2,"false",FALSE,TRUE,FALSE,FALSE,TRUE
"358","2021-08-01",1,"Blood Red Sky",52370000,1.4333,36538059.0246285,2,"false",FALSE,FALSE,FALSE,TRUE,FALSE
"359","2021-08-01",2,"The Last Mercenary",16120000,1.6667,9671806.56386872,1,"false",FALSE,FALSE,TRUE,TRUE,FALSE
"360","2021-08-01",3,"Kingdom: Ashin of the North",15120000,1.6333,9257331.78228127,2,"false",FALSE,FALSE,FALSE,TRUE,FALSE
"361","2021-08-01",4,"Mimi",9210000,1.8667,4933840.46713452,1,"false",FALSE,TRUE,TRUE,TRUE,FALSE
"362","2021-08-01",5,"Bartkowiak",9210000,2.0833,4420870.73393174,1,"false",FALSE,FALSE,FALSE,TRUE,FALSE
"363","2021-08-01",6,"Rurouni Kenshin: The Beginning",8610000,2,4305000,1,"false",FALSE,FALSE,FALSE,TRUE,FALSE
"364","2021-08-01",8,"A Perfect Fit",3130000,1.4333,2183771.71562129,3,"false",FALSE,TRUE,TRUE,TRUE,FALSE
"365","2021-08-01",9,"Major Grom: Plague Doctor",2770000,1.8667,1483902.07317726,4,"false",FALSE,FALSE,FALSE,TRUE,FALSE
"366","2021-08-01",10,"Words Bubble Up Like Soda Pop",2180000,1.9667,1108455.78888493,1,"false",FALSE,FALSE,FALSE,TRUE,FALSE
"367","2021-07-25",1,"Trollhunters: Rise of the Titans",16130000,1.6667,9677806.44387112,1,"false",FALSE,FALSE,FALSE,FALSE,TRUE
"368","2021-07-25",2,"The Last Letter From Your Lover",13140000,2.0833,6307300.91681467,1,"false",FALSE,TRUE,FALSE,FALSE,TRUE
"369","2021-07-25",3,"Twilight",12550000,1.6667,7529849.40301194,2,"false",FALSE,TRUE,FALSE,FALSE,TRUE
"370","2021-07-25",4,"Fear Street Part 3: 1666",12350000,1.4333,8616479.45301053,2,"false",FALSE,FALSE,FALSE,FALSE,TRUE
"371","2021-07-25",5,"The Twilight Saga: New Moon",10320000,2.0833,4953679.25886814,1,"false",FALSE,TRUE,FALSE,FALSE,TRUE
"372","2021-07-25",6,"Fear Street Part 1: 1994",9240000,1.0833,8529493.21517585,4,"false",FALSE,FALSE,FALSE,FALSE,TRUE
"373","2021-07-25",7,"The Twilight Saga: Breaking Dawn: Part 2",9240000,2.0833,4435270.96433543,1,"false",FALSE,TRUE,FALSE,FALSE,TRUE
"374","2021-07-25",8,"The Twilight Saga: Eclipse",9220000,1.4333,6432707.73738924,1,"false",FALSE,TRUE,FALSE,FALSE,TRUE
"375","2021-07-25",9,"Fear Street Part 2: 1978",9100000,1.7333,5250100.96348007,3,"false",FALSE,FALSE,FALSE,FALSE,TRUE
"376","2021-07-25",10,"The Twilight Saga: Breaking Dawn: Part 1",8250000,1.6333,5051123.49231617,1,"false",FALSE,TRUE,FALSE,FALSE,TRUE
"377","2021-07-25",1,"Blood Red Sky",35930000,2,17965000,1,"false",FALSE,FALSE,FALSE,TRUE,FALSE
"378","2021-07-25",2,"Kingdom: Ashin of the North",16380000,1.6667,9827803.44393112,1,"false",FALSE,FALSE,FALSE,TRUE,FALSE
"379","2021-07-25",4,"A Perfect Fit",8e+06,1.4667,5454421.49042067,2,"false",FALSE,TRUE,TRUE,TRUE,FALSE
"380","2021-07-25",5,"Major Grom: Plague Doctor",7190000,2.0167,3565230.32677146,3,"false",FALSE,FALSE,FALSE,TRUE,FALSE
"381","2021-07-25",6,"The Guide to the Perfect Family",4580000,1.6667,2747945.04109918,2,"false",FALSE,TRUE,TRUE,TRUE,FALSE
"382","2021-07-25",7,"A Classic Horror Story",4060000,2.0167,2013189.86463034,2,"false",FALSE,FALSE,FALSE,TRUE,FALSE
"383","2021-07-25",8,"Deep",3200000,1.75,1828571.42857143,1,"false",FALSE,TRUE,FALSE,TRUE,FALSE
"384","2021-07-25",10,"Haseen Dillruba",2620000,1.75,1497142.85714286,4,"false",FALSE,FALSE,FALSE,TRUE,FALSE
"385","2021-07-18",1,"Fear Street Part 3: 1666",20080000,1.6667,12047759.0448191,1,"false",FALSE,FALSE,FALSE,FALSE,TRUE
"386","2021-07-18",2,"Fear Street Part 2: 1978",16820000,1.6333,10298169.3503949,2,"false",FALSE,FALSE,FALSE,FALSE,TRUE
"387","2021-07-18",3,"Fear Street Part 1: 1994",14370000,1.6333,8798138.73752526,3,"false",FALSE,FALSE,FALSE,FALSE,TRUE
"388","2021-07-18",4,"Gunpowder Milkshake",11770000,2.0167,5836267.1691377,1,"false",FALSE,FALSE,TRUE,FALSE,TRUE
"389","2021-07-18",5,"The Water Man",11630000,1.6333,7120553.48068328,1,"false",FALSE,TRUE,FALSE,FALSE,TRUE
"390","2021-07-18",7,"Wish Dragon",8550000,1.5667,5457330.69509159,3,"false",FALSE,FALSE,TRUE,FALSE,TRUE
"391","2021-07-18",8,"Fatherhood",7790000,1.75,4451428.57142857,3,"false",FALSE,TRUE,FALSE,FALSE,TRUE
"392","2021-07-18",9,"Twilight",7640000,1.8667,4092784.05742755,1,"false",FALSE,TRUE,FALSE,FALSE,TRUE
"393","2021-07-18",10,"Rust Creek",6560000,2,3280000,1,"false",FALSE,FALSE,FALSE,FALSE,TRUE
"394","2021-07-18",1,"Major Grom: Plague Doctor",21050000,1.8667,11276584.3467081,2,"false",FALSE,FALSE,FALSE,TRUE,FALSE
"395","2021-07-18",2,"How I Became a Superhero",9860000,1.8667,5282048.53484759,2,"false",FALSE,TRUE,FALSE,TRUE,FALSE
"396","2021-07-18",3,"A Classic Horror Story",9090000,1.6333,5565419.70244291,1,"false",FALSE,FALSE,FALSE,TRUE,FALSE
"397","2021-07-18",4,"The Guide to the Perfect Family",5130000,1.9667,2608430.36558702,1,"false",FALSE,TRUE,TRUE,TRUE,FALSE
"398","2021-07-18",5,"Haseen Dillruba",4430000,1.8667,2373171.90764451,3,"false",FALSE,FALSE,FALSE,TRUE,FALSE
"399","2021-07-18",6,"A Perfect Fit",3170000,1.5167,2090063.95463836,1,"false",FALSE,TRUE,TRUE,TRUE,FALSE
"400","2021-07-18",7,"Last Summer",2420000,1.4333,1688411.35840368,2,"false",FALSE,TRUE,FALSE,TRUE,FALSE
"401","2021-07-18",9,"The 8th Night",1860000,1.75,1062857.14285714,3,"false",FALSE,FALSE,FALSE,TRUE,FALSE
"402","2021-07-18",10,"Silver Skates",1780000,1.75,1017142.85714286,3,"false",FALSE,TRUE,FALSE,TRUE,FALSE
"403","2021-07-11",1,"Fear Street Part 1: 1994",19550000,1.5167,12889826.5972176,2,"false",FALSE,FALSE,FALSE,FALSE,TRUE
"404","2021-07-11",2,"Fear Street Part 2: 1978",16060000,1.4333,11204911.7421335,1,"false",FALSE,FALSE,FALSE,FALSE,TRUE
"405","2021-07-11",3,"Fatherhood",12830000,1.6333,7855262.3522929,2,"false",FALSE,TRUE,FALSE,FALSE,TRUE
"406","2021-07-11",5,"Wish Dragon",10590000,2.0833,5083281.33250132,2,"false",FALSE,FALSE,TRUE,FALSE,TRUE
"407","2021-07-11",7,"Mother's Day",9200000,1.9667,4677886.8154777,1,"false",FALSE,TRUE,TRUE,FALSE,TRUE
"408","2021-07-11",1,"Major Grom: Plague Doctor",26150000,2.0167,12966727.8226806,1,"false",FALSE,FALSE,FALSE,TRUE,FALSE
"409","2021-07-11",2,"Haseen Dillruba",10210000,1.6667,6125877.48245035,2,"false",FALSE,FALSE,FALSE,TRUE,FALSE
"410","2021-07-11",3,"How I Became a Superhero",8820000,1.4333,6153631.47980186,1,"false",FALSE,TRUE,FALSE,TRUE,FALSE
"411","2021-07-11",4,"The 8th Night",5960000,1.6333,3649054.0623278,2,"false",FALSE,FALSE,FALSE,TRUE,FALSE
"412","2021-07-11",5,"Silver Skates",3110000,1.65,1884848.48484848,2,"false",FALSE,TRUE,FALSE,TRUE,FALSE
"413","2021-07-11",6,"Rurouni Kenshin: The Final",2570000,1.4333,1793064.95499895,2,"false",FALSE,FALSE,FALSE,TRUE,FALSE
"414","2021-07-11",7,"Dynasty Warriors",2420000,2,1210000,2,"false",FALSE,FALSE,FALSE,TRUE,FALSE
"415","2021-07-11",8,"Xtreme",1710000,2.0833,820813.133010128,2,"false",FALSE,FALSE,FALSE,TRUE,FALSE
"416","2021-07-11",10,"Last Summer",1270000,2,635000,1,"false",FALSE,TRUE,FALSE,TRUE,FALSE
"417","2021-07-04",1,"Fatherhood",25680000,1.65,15563636.3636364,1,"false",FALSE,TRUE,FALSE,FALSE,TRUE
"418","2021-07-04",2,"Fear Street Part 1: 1994",16620000,1.4333,11595618.5027559,1,"false",FALSE,FALSE,FALSE,FALSE,TRUE
"419","2021-07-04",3,"Wish Dragon",15260000,1.9667,7759190.52219454,1,"false",FALSE,FALSE,TRUE,FALSE,TRUE
"420","2021-07-04",4,"The Ice Road",13690000,2,6845000,1,"false",FALSE,FALSE,FALSE,FALSE,TRUE
"421","2021-07-04",5,"Good on Paper",10580000,2.2333,4737384.14006179,1,"false",FALSE,FALSE,TRUE,FALSE,TRUE
"422","2021-07-04",9,"Skylines",6130000,1.8667,3283869.93089409,1,"false",FALSE,FALSE,FALSE,FALSE,TRUE
"423","2021-07-04",10,"The Mitchells vs. The Machines",4890000,1.4333,3411707.24900579,1,"false",FALSE,FALSE,TRUE,FALSE,TRUE
"424","2021-07-04",1,"Silver Skates",7390000,2,3695000,1,"false",FALSE,TRUE,FALSE,TRUE,FALSE
"425","2021-07-04",2,"Haseen Dillruba",7370000,2.2333,3300049.25446648,1,"false",FALSE,FALSE,FALSE,TRUE,FALSE
"426","2021-07-04",3,"Rurouni Kenshin: The Final",5340000,1.4333,3725668.0387916,1,"false",FALSE,FALSE,FALSE,TRUE,FALSE
"427","2021-07-04",4,"The 8th Night",4480000,1.6667,2687946.24107518,1,"false",FALSE,FALSE,FALSE,TRUE,FALSE
"428","2021-07-04",5,"Dynasty Warriors",4100000,1.6333,2510255.31133288,1,"false",FALSE,FALSE,FALSE,TRUE,FALSE
"429","2021-07-04",6,"Security",2950000,2.2333,1320915.23754086,1,"false",FALSE,TRUE,FALSE,TRUE,FALSE
"430","2021-07-04",7,"Murder by the Coast",2690000,1.4667,1834049.22615395,1,"false",FALSE,FALSE,FALSE,TRUE,FALSE
"431","2021-07-04",8,"Xtreme",2650000,1.4333,1848880.20651643,1,"false",FALSE,FALSE,FALSE,TRUE,FALSE
"432","2021-07-04",10,"Prime Time",2080000,1.5667,1327631.32699304,1,"false",FALSE,TRUE,FALSE,TRUE,FALSE
